"GunId","DisplayName","Pack","Region","Era","WeaponClass","SuggestedTier","SuggestedRarity","Review"
"daffas_arsenal:ak47","AK47","daffas","東側","旧式","アサルトライフル","T1-T3","common","表示名要確認"
"daffas_arsenal:aksopmod","AK Tactical","daffas","東側","新式","アサルトライフル","T2-T4","uncommon",""
"daffas_arsenal:apacoba9","APC9","daffas","西側/民間","新式","SMG/PDW","T2-T4","uncommon",""
"daffas_arsenal:apacoba9_sup","APC9 SD","daffas","西側/民間","新式","SMG/PDW","T2-T4","uncommon",""
"daffas_arsenal:g36","MG36","daffas","西側/民間","新式","LMG","T3-T5","legendary",""
"daffas_arsenal:g36c","G36C","daffas","西側/民間","新式","アサルトライフル","T2-T4","uncommon","表示名要確認"
"daffas_arsenal:g36c_commando","G36C with Foregrip","daffas","西側/民間","新式","アサルトライフル","T2-T4","uncommon",""
"daffas_arsenal:gerosa","OTs-14","daffas","東側","旧式","アサルトライフル","T1-T3","common",""
"daffas_arsenal:harpa9","ARP9","daffas","西側/民間","新式","SMG/PDW","T2-T4","uncommon",""
"daffas_arsenal:hk416","HK416","daffas","西側/民間","新式","アサルトライフル","T2-T4","uncommon","表示名要確認"
"daffas_arsenal:hk416_sup","HK416 SD","daffas","西側/民間","新式","アサルトライフル","T2-T4","uncommon",""
"daffas_arsenal:hk417","HK417","daffas","西側/民間","新式","DMR/バトルライフル","T3-T5","legendary","表示名要確認"
"daffas_arsenal:hk45","HK45","daffas","西側/民間","旧式","ハンドガン","T0-T2","common","表示名要確認"
"daffas_arsenal:hk45_sup","HK45 Tactical","daffas","西側/民間","新式","ハンドガン","T2-T4","uncommon",""
"daffas_arsenal:m79","M79","daffas","西側/民間","旧式","重火器","T3-T5","legendary","表示名要確認"
"daffas_arsenal:m79sohrt","M79 (Short)","daffas","西側/民間","旧式","重火器","T3-T5","legendary",""
"daffas_arsenal:makten_single","MAC10","daffas","西側/民間","旧式","SMG/PDW","T0-T2","common",""
"daffas_arsenal:makten_single_taktis","MAC10 Tactical","daffas","西側/民間","新式","SMG/PDW","T2-T4","uncommon",""
"daffas_arsenal:migraine3","MG3","daffas","西側/民間","旧式","LMG","T1-T3","common",""
"daffas_arsenal:mp5k","MP5K","daffas","西側/民間","旧式","SMG/PDW","T0-T2","common","表示名要確認"
"daffas_arsenal:p99_hak","P99 And HAK","daffas","西側/民間","旧式","ハンドガン","T0-T2","common",""
"daffas_arsenal:p99_nohak","P99","daffas","西側/民間","旧式","ハンドガン","T0-T2","common",""
"daffas_arsenal:pego","P90","daffas","西側/民間","旧式","SMG/PDW","T0-T2","common",""
"daffas_arsenal:pego762","P762","daffas","西側/民間","旧式","SMG/PDW","T0-T2","common",""
"daffas_arsenal:pegomc","P90 MC","daffas","西側/民間","旧式","SMG/PDW","T0-T2","common",""
"daffas_arsenal:pegont","P90 TN","daffas","西側/民間","旧式","SMG/PDW","T0-T2","common",""
"daffas_arsenal:pegontmc","P90 TN MC","daffas","西側/民間","旧式","SMG/PDW","T0-T2","common",""
"daffas_arsenal:samula3","Samula3","daffas","架空/その他","架空/特殊","特殊/ネタ","T5/原則除外","legendary","表示名要確認"
"daffas_arsenal:sg550","SG550","daffas","西側/民間","旧式","DMR/バトルライフル","T1-T3","common","表示名要確認"
"daffas_arsenal:sg552","SG552","daffas","西側/民間","旧式","アサルトライフル","T1-T3","common","表示名要確認"
"daffas_arsenal:sgputer","M1887","daffas","西側/民間","旧式","アサルトライフル","T1-T3","common",""
"daffas_arsenal:sgputer2","M1887 (Short)","daffas","西側/民間","旧式","アサルトライフル","T1-T3","common",""
"daffas_arsenal:sl8","SL8","daffas","西側/民間","旧式","DMR/バトルライフル","T1-T3","common","表示名要確認"
"daffas_arsenal:southeastmomssecretweapon","Red Folding Hanger","daffas","架空/その他","架空/特殊","特殊/ネタ","T5/原則除外","legendary",""
"daffas_arsenal:southeastmomssecretweapon2","Blue Folding Hanger","daffas","架空/その他","架空/特殊","特殊/ネタ","T5/原則除外","legendary",""
"daffas_arsenal:southeastmomssecretweapon3","Green Folding Hanger","daffas","架空/その他","架空/特殊","特殊/ネタ","T5/原則除外","legendary",""
"daffas_arsenal:spasi15","SPAS-15","daffas","西側/民間","旧式","ショットガン","T0-T2","common",""
"daffas_arsenal:ss1_v2","SS1-V2","daffas","西側/民間","旧式","アサルトライフル","T1-T3","common",""
"daffas_arsenal:ss1_v5","SS1-R5","daffas","西側/民間","旧式","アサルトライフル","T1-T3","common",""
"daffas_arsenal:ss1_v5g","SS1-V5 Gold","daffas","西側/民間","旧式","アサルトライフル","T1-T3","common",""
"daffas_arsenal:ssg69","SSG69","daffas","西側/民間","旧式","スナイパー","T1-T3","common","表示名要確認"
"daffas_arsenal:ssg69s","SSG69 S ﾂｧ6(Signature)","daffas","西側/民間","旧式","スナイパー","T1-T3","common",""
"daffas_arsenal:taurus","Raging Bull .500","daffas","西側/民間","旧式","ハンドガン","T0-T2","common",""
"daffas_arsenal:taurus2","Snub Nose .500","daffas","西側/民間","旧式","ハンドガン","T0-T2","common",""
"daffas_arsenal:uji","Dual MAC10","daffas","西側/民間","旧式","SMG/PDW","T0-T2","common",""
"daffas_arsenal:wawan2000","WA2000 Type1","daffas","西側/民間","旧式","スナイパー","T1-T3","common",""
"daffas_arsenal:wawan20002","WA2000 Type2","daffas","西側/民間","旧式","スナイパー","T1-T3","common",""
"daffas_arsenal:welrod","Welrod","daffas","西側/民間","旧式","ハンドガン","T0-T2","common","表示名要確認"
"maxstuff:1851_navy","Colt 1851 Navy (WIP)","maxstuff","西側/民間","旧式","ハンドガン","T0-T2","common",""
"maxstuff:aa50beowulf","AA .50 Beowulf","maxstuff","西側/民間","旧式","アサルトライフル","T1-T3","common",""
"maxstuff:adar2","Adar 2-15","maxstuff","西側/民間","旧式","アサルトライフル","T1-T3","common",""
"maxstuff:af2011","AF2011-A1","maxstuff","西側/民間","旧式","ハンドガン","T0-T2","common",""
"maxstuff:ai_awp","Accuracy International AWP","maxstuff","西側/民間","旧式","スナイパー","T1-T3","common",""
"maxstuff:ai_aws","Accuracy International AWS","maxstuff","西側/民間","旧式","スナイパー","T1-T3","common",""
"maxstuff:ak_alpha","AK 109-Alpha","maxstuff","東側","新式","アサルトライフル","T2-T4","uncommon",""
"maxstuff:ak_delta","AKM-i","maxstuff","東側","新式","アサルトライフル","T2-T4","uncommon",""
"maxstuff:ak107","ﾂｧdAK107","maxstuff","東側","旧式","アサルトライフル","T1-T3","common",""
"maxstuff:ak108","ﾂｧdAK108","maxstuff","東側","旧式","アサルトライフル","T1-T3","common",""
"maxstuff:ak109","ﾂｧdAK109","maxstuff","東側","旧式","アサルトライフル","T1-T3","common",""
"maxstuff:ak12","AK12","maxstuff","東側","新式","アサルトライフル","T2-T4","uncommon","表示名要確認"
"maxstuff:ak15","AK15","maxstuff","東側","新式","アサルトライフル","T2-T4","uncommon","表示名要確認"
"maxstuff:ak19","AK19","maxstuff","東側","新式","アサルトライフル","T2-T4","uncommon","表示名要確認"
"maxstuff:ak22","ﾂｧdAK22","maxstuff","東側","旧式","アサルトライフル","T1-T3","common",""
"maxstuff:ak308","AK308","maxstuff","東側","新式","アサルトライフル","T2-T4","uncommon","表示名要確認"
"maxstuff:ak63e","AK-63E","maxstuff","東側","旧式","アサルトライフル","T1-T3","common",""
"maxstuff:ak74","AK74","maxstuff","東側","旧式","アサルトライフル","T1-T3","common","表示名要確認"
"maxstuff:ak74m","AK74M","maxstuff","東側","旧式","アサルトライフル","T1-T3","common","表示名要確認"
"maxstuff:ak9","ﾂｧdAK-9","maxstuff","東側","旧式","アサルトライフル","T1-T3","common",""
"maxstuff:aks74u","AKS74U","maxstuff","東側","旧式","アサルトライフル","T1-T3","common","表示名要確認"
"maxstuff:aks74ub","AKS74UB","maxstuff","東側","旧式","アサルトライフル","T1-T3","common","表示名要確認"
"maxstuff:ar10","SR25","maxstuff","西側/民間","旧式","DMR/バトルライフル","T1-T3","common",""
"maxstuff:ar10b","Armalite AR-10B","maxstuff","西側/民間","旧式","DMR/バトルライフル","T1-T3","common",""
"maxstuff:ar18","BRN-180","maxstuff","西側/民間","旧式","アサルトライフル","T1-T3","common",""
"maxstuff:ar338","sketchy .300winmag ar","maxstuff","西側/民間","旧式","スナイパー","T1-T3","common",""
"maxstuff:ar57","AR-57","maxstuff","西側/民間","旧式","アサルトライフル","T1-T3","common",""
"maxstuff:ar762","MXA AR-762","maxstuff","西側/民間","旧式","アサルトライフル","T1-T3","common",""
"maxstuff:arp","ARP","maxstuff","西側/民間","旧式","アサルトライフル","T1-T3","common","表示名要確認"
"maxstuff:aug_a2","AUG-A2","maxstuff","西側/民間","旧式","アサルトライフル","T1-T3","common",""
"maxstuff:aug_a3","AUG-A3","maxstuff","西側/民間","旧式","アサルトライフル","T1-T3","common",""
"maxstuff:aug_a3_para","AUG-A3 Para XS","maxstuff","西側/民間","旧式","アサルトライフル","T1-T3","common",""
"maxstuff:aug_a5","MXA AUG-A5","maxstuff","西側/民間","旧式","アサルトライフル","T1-T3","common",""
"maxstuff:aug_hbar","AUG-HBAR","maxstuff","西側/民間","旧式","LMG","T1-T3","common",""
"maxstuff:beowulf_ecr","Beowulf ecr","maxstuff","西側/民間","旧式","アサルトライフル","T1-T3","common","表示名要確認"
"maxstuff:beowulf_tcr","Beowulf tcr","maxstuff","西側/民間","旧式","アサルトライフル","T1-T3","common","表示名要確認"
"maxstuff:blicky","The Strap(creative only)","maxstuff","架空/その他","架空/特殊","アサルトライフル","T5/原則除外","legendary",""
"maxstuff:brn10","BRN-10","maxstuff","西側/民間","旧式","アサルトライフル","T1-T3","common",""
"maxstuff:c96","M712","maxstuff","西側/民間","旧式","ハンドガン","T0-T2","common",""
"maxstuff:can_cannon","Can Cannon","maxstuff","西側/民間","旧式","重火器","T3-T5","legendary","表示名要確認"
"maxstuff:colt_933","Colt 933","maxstuff","西側/民間","旧式","アサルトライフル","T1-T3","common","表示名要確認"
"maxstuff:colt_mars","Colt Mars","maxstuff","西側/民間","旧式","ハンドガン","T0-T2","common","表示名要確認"
"maxstuff:cursed15","Peak British Gun Design","maxstuff","架空/その他","架空/特殊","アサルトライフル","T5/原則除外","legendary",""
"maxstuff:db_50","DB-4 Ursus .50","maxstuff","西側/民間","旧式","アサルトライフル","T1-T3","common",""
"maxstuff:db_long_d","DB-4 Ursusﾂｧc(Dragons Breath)","maxstuff","西側/民間","旧式","ショットガン","T0-T2","common",""
"maxstuff:db_short_d","DB-2 Durinﾂｧc(Dragons Breath)","maxstuff","西側/民間","旧式","ショットガン","T0-T2","common",""
"maxstuff:db_short_tactical","DB-2 Durin Tactical","maxstuff","西側/民間","新式","ショットガン","T2-T4","uncommon",""
"maxstuff:deagle_12g","Deagle .12g","maxstuff","西側/民間","旧式","ハンドガン","T0-T2","common",""
"maxstuff:deagle_50bmg","Deagle .50bmg","maxstuff","西側/民間","旧式","ハンドガン","T0-T2","common",""
"maxstuff:dp28","DP-28","maxstuff","東側","旧式","LMG","T1-T3","common",""
"maxstuff:dragonuv_svd","Dragunov SVD","maxstuff","東側","旧式","スナイパー","T1-T3","common",""
"maxstuff:dragonuv_svdm","Dragunov SVDM","maxstuff","東側","新式","スナイパー","T3-T5","legendary",""
"maxstuff:dragonuv_svds","Dragunov SVDS","maxstuff","東側","旧式","スナイパー","T1-T3","common",""
"maxstuff:excaliber","ﾂｧdExcaliber Automatic .50 cal","maxstuff","架空/その他","架空/特殊","重火器","T5/原則除外","legendary",""
"maxstuff:g36","G36-C","maxstuff","西側/民間","新式","アサルトライフル","T2-T4","uncommon",""
"maxstuff:genesis12","Gen-12","maxstuff","西側/民間","新式","ショットガン","T2-T4","uncommon",""
"maxstuff:genesis12_dragons_breath","Gen-12ﾂｧc(Dragons Breath)","maxstuff","西側/民間","新式","ショットガン","T2-T4","uncommon",""
"maxstuff:genesis12_fl","Gen-12ﾂｧe(Flechette)","maxstuff","西側/民間","新式","ショットガン","T2-T4","uncommon",""
"maxstuff:glock_18c","Glock 18","maxstuff","西側/民間","旧式","ハンドガン","T0-T2","common",""
"maxstuff:glock_54","MXA Glock 54","maxstuff","西側/民間","旧式","ハンドガン","T0-T2","common",""
"maxstuff:glock_bulpup","Bullpup Glock","maxstuff","西側/民間","旧式","ハンドガン","T0-T2","common",""
"maxstuff:gm6_lynx","GM6-Lynx","maxstuff","西側/民間","旧式","スナイパー","T1-T3","common",""
"maxstuff:hk_g33","HK 33 Assault rifle","maxstuff","西側/民間","旧式","DMR/バトルライフル","T1-T3","common",""
"maxstuff:hk_mp5k","HK-MP5K","maxstuff","西側/民間","旧式","SMG/PDW","T0-T2","common",""
"maxstuff:hk_mp5sd","HK-MP5SD","maxstuff","西側/民間","旧式","SMG/PDW","T0-T2","common",""
"maxstuff:hk416c","HK-416C","maxstuff","西側/民間","新式","アサルトライフル","T2-T4","uncommon",""
"maxstuff:hk417","HK-417","maxstuff","西側/民間","新式","DMR/バトルライフル","T3-T5","legendary",""
"maxstuff:honey_badger","Q Honey Badger","maxstuff","西側/民間","新式","アサルトライフル","T2-T4","uncommon",""
"maxstuff:kar98","Kar98K","maxstuff","西側/民間","旧式","スナイパー","T1-T3","common",""
"maxstuff:luty","Luty improvised smg","maxstuff","西側/民間","旧式","SMG/PDW","T0-T2","common",""
"maxstuff:m1_garand","M1 Garand","maxstuff","西側/民間","旧式","アサルトライフル","T1-T3","common","表示名要確認"
"maxstuff:m1_garand_tac","M1 Malone","maxstuff","西側/民間","旧式","アサルトライフル","T1-T3","common",""
"maxstuff:m16a2","M16A2 Service Rifle","maxstuff","西側/民間","旧式","アサルトライフル","T1-T3","common",""
"maxstuff:m16a3","M16A3 Service Rifle","maxstuff","西側/民間","旧式","アサルトライフル","T1-T3","common",""
"maxstuff:m17","M17","maxstuff","西側/民間","新式","ハンドガン","T2-T4","uncommon","表示名要確認"
"maxstuff:m231","M231","maxstuff","西側/民間","旧式","アサルトライフル","T1-T3","common","表示名要確認"
"maxstuff:m320t","M320 Tactical","maxstuff","西側/民間","新式","重火器","T3-T5","legendary",""
"maxstuff:m82a2","M82A2","maxstuff","西側/民間","旧式","スナイパー","T1-T3","common","表示名要確認"
"maxstuff:m870t","M870 Tactical","maxstuff","西側/民間","新式","ショットガン","T2-T4","uncommon",""
"maxstuff:mini_fix","Q Mini Fix","maxstuff","西側/民間","旧式","スナイパー","T1-T3","common",""
"maxstuff:mk11","MK11","maxstuff","西側/民間","旧式","DMR/バトルライフル","T1-T3","common","表示名要確認"
"maxstuff:mk18","MK18 Mod.1","maxstuff","西側/民間","新式","アサルトライフル","T2-T4","uncommon",""
"maxstuff:mk18_auto","MK18-A","maxstuff","西側/民間","新式","アサルトライフル","T2-T4","uncommon",""
"maxstuff:mk18_burst","MK18-B","maxstuff","西側/民間","新式","アサルトライフル","T2-T4","uncommon",""
"maxstuff:mk18_mjolnir","Mk-18 Mjﾃｶlnir","maxstuff","西側/民間","新式","アサルトライフル","T2-T4","uncommon",""
"maxstuff:mk23","HK MK23","maxstuff","西側/民間","旧式","ハンドガン","T0-T2","common",""
"maxstuff:mk47","MK47","maxstuff","西側/民間","旧式","アサルトライフル","T1-T3","common","表示名要確認"
"maxstuff:mojave223","Mojave 223","maxstuff","西側/民間","旧式","アサルトライフル","T1-T3","common",""
"maxstuff:mp7","HK-MP7","maxstuff","西側/民間","新式","SMG/PDW","T2-T4","uncommon",""
"maxstuff:mrad","Barrett MRAD","maxstuff","西側/民間","旧式","スナイパー","T1-T3","common",""
"maxstuff:msr","Remington MSR","maxstuff","西側/民間","旧式","スナイパー","T1-T3","common",""
"maxstuff:nailgun","nailgun","maxstuff","架空/その他","架空/特殊","特殊/ネタ","T5/原則除外","legendary","表示名要確認"
"maxstuff:potassium_power","Potassium Power","maxstuff","架空/その他","架空/特殊","特殊/ネタ","T5/原則除外","legendary","表示名要確認"
"maxstuff:qbz_97","QBZ-97 ""Longbow""","maxstuff","東側","旧式","アサルトライフル","T1-T3","common",""
"maxstuff:quatro15","Desert Tech Quattro-15 (FRT)","maxstuff","西側/民間","新式","アサルトライフル","T2-T4","uncommon",""
"maxstuff:ro635","Ro635","maxstuff","西側/民間","旧式","SMG/PDW","T0-T2","common","表示名要確認"
"maxstuff:rpk_74","RPK-74","maxstuff","東側","旧式","LMG","T1-T3","common",""
"maxstuff:rpk_74m","RPK-74M","maxstuff","東側","旧式","LMG","T1-T3","common",""
"maxstuff:rpk16","RPK-16","maxstuff","東側","新式","LMG","T3-T5","legendary",""
"maxstuff:saiga12","Saiga-12","maxstuff","東側","新式","ショットガン","T2-T4","uncommon",""
"maxstuff:saiga9","Saiga-9","maxstuff","東側","新式","SMG/PDW","T2-T4","uncommon",""
"maxstuff:sap6","Sap-6 (due remake, Creative Only For Now)","maxstuff","西側/民間","旧式","アサルトライフル","T1-T3","common",""
"maxstuff:scar_15p","SCAR-15P","maxstuff","西側/民間","新式","アサルトライフル","T2-T4","uncommon",""
"maxstuff:scar_hamr","SCAR-HAMR","maxstuff","西側/民間","新式","LMG","T3-T5","legendary",""
"maxstuff:scar_pdw","SCAR-PDW","maxstuff","西側/民間","新式","アサルトライフル","T2-T4","uncommon",""
"maxstuff:scar_sbr","MXA SCAR-SBR","maxstuff","西側/民間","新式","アサルトライフル","T2-T4","uncommon",""
"maxstuff:scar_ssr","SCAR-SSR","maxstuff","西側/民間","新式","DMR/バトルライフル","T3-T5","legendary",""
"maxstuff:sks_golden","Krtek Golden SKS","maxstuff","東側","旧式","DMR/バトルライフル","T1-T3","common",""
"maxstuff:sks_wooden","Wooden SKS","maxstuff","東側","旧式","DMR/バトルライフル","T1-T3","common",""
"maxstuff:sr15","SR15","maxstuff","西側/民間","新式","アサルトライフル","T2-T4","uncommon","表示名要確認"
"maxstuff:sr16","SR16","maxstuff","西側/民間","新式","アサルトライフル","T2-T4","uncommon","表示名要確認"
"maxstuff:thunderbird","Thunderbird","maxstuff","西側/民間","旧式","ショットガン","T0-T2","common","表示名要確認"
"maxstuff:thunderbird_short","Thunderbird Short","maxstuff","西側/民間","旧式","ショットガン","T0-T2","common","表示名要確認"
"maxstuff:udp9","UDP-9","maxstuff","西側/民間","旧式","SMG/PDW","T0-T2","common",""
"maxstuff:ump9","UMP9 SMG","maxstuff","西側/民間","新式","SMG/PDW","T2-T4","uncommon",""
"maxstuff:vector9","Vector 9mm","maxstuff","西側/民間","新式","SMG/PDW","T2-T4","uncommon",""
"maxstuff:vityas","PP-19 Vityaz","maxstuff","東側","新式","SMG/PDW","T2-T4","uncommon",""
"maxstuff:xm177","XM177","maxstuff","西側/民間","新式","ハンドガン","T2-T4","uncommon","表示名要確認"
"maxstuff:z15","Z-15","maxstuff","西側/民間","新式","アサルトライフル","T2-T4","uncommon",""
"maxstuff:z15_a","Z-15 Auto","maxstuff","西側/民間","新式","アサルトライフル","T2-T4","uncommon",""
"maxstuff:z80","Z80","maxstuff","西側/民間","新式","アサルトライフル","T2-T4","uncommon","表示名要確認"
"tacz:aa12","AA12 Shotgun","tacz_default_gun","西側/民間","旧式","ショットガン","T0-T2","common",""
"tacz:ai_awp","Accuracy International AWM","tacz_default_gun","西側/民間","旧式","スナイパー","T1-T3","common",""
"tacz:ak47","AKM","tacz_default_gun","東側","旧式","アサルトライフル","T1-T3","common",""
"tacz:aug","AUG","tacz_default_gun","西側/民間","旧式","アサルトライフル","T1-T3","common","表示名要確認"
"tacz:b93r","B93R","tacz_default_gun","西側/民間","旧式","ハンドガン","T0-T2","common","表示名要確認"
"tacz:cz75","CZ 75","tacz_default_gun","東側","旧式","ハンドガン","T0-T2","common",""
"tacz:db_long","DB-4 Ursus","tacz_default_gun","西側/民間","旧式","ショットガン","T0-T2","common",""
"tacz:db_short","DB-2 Durin","tacz_default_gun","西側/民間","旧式","ショットガン","T0-T2","common",""
"tacz:deagle","Deagle 50","tacz_default_gun","西側/民間","旧式","ハンドガン","T0-T2","common",""
"tacz:deagle_golden","Golden Deagle 357","tacz_default_gun","西側/民間","旧式","ハンドガン","T0-T2","common",""
"tacz:fn_evolys","FN EVOLYS Machine Gun","tacz_default_gun","西側/民間","新式","LMG","T3-T5","legendary",""
"tacz:fn_fal","FN FAL Battle Rifle","tacz_default_gun","西側/民間","旧式","DMR/バトルライフル","T1-T3","common",""
"tacz:g36k","G36K","tacz_default_gun","西側/民間","新式","アサルトライフル","T2-T4","uncommon","表示名要確認"
"tacz:glock_17","Glock 17","tacz_default_gun","西側/民間","旧式","ハンドガン","T0-T2","common","表示名要確認"
"tacz:hk_g3","HK G3 Battle rifle","tacz_default_gun","西側/民間","旧式","DMR/バトルライフル","T1-T3","common",""
"tacz:hk_mk23","MK23 Offensive Pistol","tacz_default_gun","西側/民間","旧式","ハンドガン","T0-T2","common",""
"tacz:hk_mp5a5","HK-MP5A5","tacz_default_gun","西側/民間","旧式","SMG/PDW","T0-T2","common",""
"tacz:hk416d","HK-416A5","tacz_default_gun","西側/民間","新式","アサルトライフル","T2-T4","uncommon",""
"tacz:kar98","Mauser Kar98k Rifle","tacz_default_gun","西側/民間","旧式","スナイパー","T1-T3","common",""
"tacz:lonetrail",".30-06 Lonetrail Hand Cannon","tacz_default_gun","架空/その他","架空/特殊","スナイパー","T5/原則除外","legendary",""
"tacz:m1014","M1014 Battle Shotgun","tacz_default_gun","西側/民間","旧式","ショットガン","T0-T2","common",""
"tacz:m107","M107 Sniper Rifle","tacz_default_gun","西側/民間","旧式","スナイパー","T1-T3","common",""
"tacz:m16a1","M16A1 Service Rifle","tacz_default_gun","西側/民間","旧式","アサルトライフル","T1-T3","common",""
"tacz:m16a4","M16A4 Service Rifle","tacz_default_gun","西側/民間","旧式","アサルトライフル","T1-T3","common",""
"tacz:m1911","M1911","tacz_default_gun","西側/民間","旧式","ハンドガン","T0-T2","common","表示名要確認"
"tacz:m249","M249 Machine Gun","tacz_default_gun","西側/民間","旧式","LMG","T1-T3","common",""
"tacz:m320","M320 Grenade Launcher","tacz_default_gun","西側/民間","旧式","重火器","T3-T5","legendary",""
"tacz:m4a1","M4A1 Carbine","tacz_default_gun","西側/民間","新式","アサルトライフル","T2-T4","uncommon",""
"tacz:m700","M700 Sniper Rifle","tacz_default_gun","西側/民間","旧式","スナイパー","T1-T3","common",""
"tacz:m870","M870","tacz_default_gun","西側/民間","旧式","ショットガン","T0-T2","common","表示名要確認"
"tacz:m95","M95 .50 Cal Antimaterial","tacz_default_gun","西側/民間","旧式","スナイパー","T1-T3","common",""
"tacz:m9a4","M9A4","tacz_default_gun","西側/民間","新式","ハンドガン","T2-T4","uncommon","表示名要確認"
"tacz:minigun","M134 Minigun","tacz_default_gun","西側/民間","旧式","重火器","T3-T5","legendary",""
"tacz:mk14","MK14 EBR","tacz_default_gun","西側/民間","旧式","DMR/バトルライフル","T1-T3","common",""
"tacz:p320","P320","tacz_default_gun","西側/民間","新式","ハンドガン","T2-T4","uncommon","表示名要確認"
"tacz:p90","P90 PDW","tacz_default_gun","西側/民間","旧式","SMG/PDW","T0-T2","common",""
"tacz:qbz_191","QBZ-191 Assault Rifle","tacz_default_gun","東側","新式","アサルトライフル","T2-T4","uncommon",""
"tacz:qbz_95","QBZ-95 ""Longbow""","tacz_default_gun","東側","旧式","アサルトライフル","T1-T3","common",""
"tacz:rhino357",".357 Rhino Revolver","tacz_default_gun","西側/民間","旧式","ハンドガン","T0-T2","common",""
"tacz:rpg7","RPG-7","tacz_default_gun","東側","旧式","重火器","T3-T5","legendary",""
"tacz:rpk","RPK","tacz_default_gun","東側","旧式","LMG","T1-T3","common","表示名要確認"
"tacz:scar_h","SCAR-H Battle Rifle","tacz_default_gun","西側/民間","新式","アサルトライフル","T2-T4","uncommon",""
"tacz:scar_l","SCAR-L Assault Rifle","tacz_default_gun","西側/民間","新式","アサルトライフル","T2-T4","uncommon",""
"tacz:sks_tactical","Sks Tactical Rifle","tacz_default_gun","東側","新式","DMR/バトルライフル","T3-T5","legendary",""
"tacz:spas_12","SPAS-12 Multi-purpose Shotgun","tacz_default_gun","西側/民間","旧式","ショットガン","T0-T2","common",""
"tacz:spr15hb","SPR-15 HB ""Sagittarius""","tacz_default_gun","西側/民間","新式","アサルトライフル","T2-T4","uncommon",""
"tacz:springfield1873","Springfield 1873 Trapdoor Rifle","tacz_default_gun","西側/民間","旧式","アサルトライフル","T1-T3","common",""
"tacz:taurus500","Taurus ""Raging Hunter"" Hand Cannon","tacz_default_gun","西側/民間","旧式","ハンドガン","T0-T2","common",""
"tacz:taurus943",".22 Modle 943 Revolver","tacz_default_gun","西側/民間","旧式","ハンドガン","T0-T2","common",""
"tacz:timeless50","ﾂｧ6Timeless .50 Z-Type","tacz_default_gun","架空/その他","架空/特殊","スナイパー","T5/原則除外","legendary",""
"tacz:type_81","Type 81-1 Service Rifle","tacz_default_gun","東側","旧式","アサルトライフル","T1-T3","common",""
"tacz:ump45","UMP45 SMG","tacz_default_gun","西側/民間","新式","SMG/PDW","T2-T4","uncommon",""
"tacz:uzi","UZI","tacz_default_gun","西側/民間","旧式","SMG/PDW","T0-T2","common","表示名要確認"
"tacz:vector45","Vector SMG","tacz_default_gun","西側/民間","新式","SMG/PDW","T2-T4","uncommon",""
